position_name,company
Machine Learning Engineer,Northwest Partner
Junior Data Scie,Carlton Field
SR. AI/ML Consulta,Enexus Global Inc.
Machine Learning Engineer,J5 Consulting
Machine Learning/Artificial Intelligence,Green Key Resource
AI Engineer - Trust (Anti-Abuse),LinkedI
Machine Learning Engineer,Ikig
AI Machine Learning Engineer,Lockheed Mart
Data Scie,Oden Technologie
ML Engineer (GenAI),Zortech Solut
Junior Data Scie,Team Remotely I
Machine Learning Engineer,XOPS
Machine Learning Engineer Inter,Rose AI
AI Researcher,Prelude
ML/AI Engineer,"Conch Technologies, I"
Internship - Machine Learning Engineer,Upper Hand
ML/AI Engineer,"Conch Technologies, I"
ML/ Machine Learning/ Data Scientist/ AI/ Artificial Intelligence  Engineer,HatchPr
data scientist - supply cha,Starbuck
